<?xml version="1.0" encoding="UTF-8" standalone="no" ?>
<!-- 气象服务器本地配置-->
<ToDo>
    <logCfg> haha <!--日志配置 -->
       <debugFlag>1</debugFlag> <!--0不打印debug,1打印debug -->
        <errlog>
            <path>/zfmd/wpfs20/mete/log</path>
            <name>err</name>
        </errlog>
        <mainLog>
            <path>/zfmd/wpfs20/mete/log</path>
            <name>Main</name>
        </mainLog>
        <getFtpLog>
            <path>/zfmd/wpfs20/mete/log</path>
            <name>otherLog</name>
        </getFtpLog>
    </logCfg>
    
    <shTool> <!--公共shell工具-->
        <getPidNum>/zfmd/wpfs20/mete/sh/getPidNum.sh</getPidNum>
    </shTool>
    
    <GetDown ftpnum="2"> <!--业务清单下载配置 -->
        <Cycle> <!--空闲时，循环检查是否有下载文件时间间隔设置-->
            <second>10</second>
            <microSecond>0</microSecond>
            <repet>-1</repet> <!--重复次数:大于0为具体的重复次数，小于0为无限循环-->
        </Cycle>
        
        <FtpSer ip="42.121.65.50" port="21" user="yc1" pwd="1qaz2wsx" timeoutMS="92000">
            <ChkShName>/zfmd/wpfs20/mete/sh/getFserStas.sh</ChkShName>
            <DoShName>/zfmd/wpfs20/mete/sh/getFileFtp.sh</DoShName>
            <RemoteDir>/zhuanghe/tdir1</RemoteDir>
            <LocalDir>/zfmd/wpfs20/mete/filedo/down/ser1</LocalDir>
            <FileDes num="1">
                <FileName>busilist_*.xml</FileName>
            </FileDes>
        </FtpSer>
        
        <FtpSer ip="182.254.227.250" port="21" user="forcast2" pwd="zfmd20130409" timeoutMS="92000">
            <ChkShName>/zfmd/wpfs20/mete/sh/getFserStas.sh</ChkShName>
            <DoShName>/zfmd/wpfs20/mete/sh/getFileFtp.sh</DoShName>
            <RemoteDir>/zhuanghe/tdir1</RemoteDir>
            <LocalDir>/zfmd/wpfs20/mete/filedo/down/ser2</LocalDir>
            <FileDes num="1">
                <FileName>busilist_*.xml</FileName>
            </FileDes>
        </FtpSer>
        
    </GetDown>
    
    <PutUp ftpnum="1"> <!--健康报告上传 -->
        
        <Cycle> <!--往上传目录移动文件的时间间隔，上传只要有文件就上传，所以此时间间隔也是控制上传的频率-->
            <second>10</second>
            <microSecond>0</microSecond>
            <repet>-1</repet> <!--重复次数:大于0为具体的重复次数，小于0为无限循环-->
        </Cycle>
        
        <FtpSer ip="42.121.65.50" port="21" user="yc1" pwd="1qaz2wsx" timeoutMS="92000">
            <ChkShName>/zfmd/wpfs20/mete/sh/putFserStas.sh</ChkShName>
            <DoShName>/zfmd/wpfs20/mete/sh/putFileFtp.sh</DoShName>
            <RemoteDir>/zhuanghe/up</RemoteDir>
            <LocalDir>/zfmd/wpfs20/mete/filedo/health/up</LocalDir>
            <FileDes num="1">
                <FileName>"intehealth20170720.xml"</FileName>
            </FileDes>
        </FtpSer>
        
    </PutUp>
    
    <healthRp>
        <fieldName>fusk_qx_xz1</fieldName> <!--场站名称此值暂定配置文件配，场内前台UI有配置此便-->
        <hostNmae>qx_pc</hostNmae> <!--宿主名称-->
        <theMonitor>气象服务子系统 </theMonitor> <!--监视者-->
    </healthRp> 
    
    <doList> <!--业务清单处理配置 -->
        
        <monInteFlag>1</monInteFlag> <!--是否启用综合监视器标识(综合监视器即一个监视器监视多个目录):1启用,0不启用 -->
        
        <srcList>/zfmd/wpfs20/mete/filedo/down/yes</srcList> <!--ftp下载完成后转移至此目录，也是业务清单处理的触发目录-->
        <toAnti>/zfmd/wpfs20/ri3data/fgfs</toAnti> <!--反隔摆渡文件路径 -->
        <toAntiBak>/zfmd/wpfs20/ri3data/fgfs2</toAntiBak> <!--反隔摆渡文件路径备 -->
        
        <staLisTrig>/zfmd/wpfs20/mete/filedo/statList/trig</staLisTrig> <!--业务清单提供情况 任务触发目录 -->
        <doStaPath>/zfmd/wpfs20/mete/filedo/statList</doStaPath> <!--业务清单提供情况生成目录 -->
        <doStaName>stat</doStaName> <!--业务清单提供情况文件名前缀 -->
        
        <doWPlanPath>/zfmd/wpfs20/mete/filedo/winplan/do</doWPlanPath> <!--III区测风塔采集业务处理计划xml生成目录 -->
        <doWPlanName>winPlan</doWPlanName> <!--III区测风塔采集业务处理计划xml文件名前缀 -->
        <cmpWPlanPath>/zfmd/wpfs20/mete/filedo/winplan/yes</cmpWPlanPath> <!-- 测风采集计划生成完毕目录，也是测风数据处理的触发目录 -->
        
        <doHPath>/zfmd/wpfs20/mete/filedo/health/do</doHPath> <!--生成健康报告目录 -->
        <preNameH>health</preNameH> <!--健康报告文件名前缀 -->
        <yesHPath>/zfmd/wpfs20/mete/filedo/health/yes</yesHPath> <!--健康报告完成目录 也是综合健康报告触发目录 -->
        <frmIIHPath>/zfmd/wpfs20/mete/filedo/health/frmII</frmIIHPath> <!--场内上传的健康报叿也是综合健康报告触发目录-->
        <integHPath>/zfmd/wpfs20/mete/filedo/health/integ</integHPath> <!--综合健康报告生成目录-->
        <preNameInte>intehealth</preNameInte> <!--综合健康报告文件名前缀 -->
        <nameInteRegex>intehealth[0-9]{8,8}.xml</nameInteRegex> <!--综合健康报告文件名POSIX正则表达式 -->
        
        <yesIntegHPath>/zfmd/wpfs20/mete/filedo/health/integyes</yesIntegHPath> <!--综合健康报告完成目录-->
        <upHPath>/zfmd/wpfs20/mete/filedo/health/up</upHPath> <!--综合健康报告上传目录-->
        
    </doList>
    
    <windMeasure> <!--测风塔本地配置-->
        <accThree>1</accThree> <!--是否从III区接入测风塔业务 -->
    </windMeasure>
    
</ToDo>

